{"cameraMode":{"drawMode":0,"name":"Shaded","section":"Shading Mode"},"sceneLighting":true,"audioPlay":false,"sceneViewState":{"showFog":true,"showMaterialUpdate":false,"showSkybox":true,"showFlares":true,"showImageEffects":true,"showParticleSystems":true},"in2DMode":false,"pivot":{"x":-0.7447312474250794,"y":1.821669340133667,"z":0.6336197853088379},"rotation":{"x":0.00018936950073111802,"y":0.9998012185096741,"z":0.016188543289899827,"w":-0.01169725600630045},"size":4.155729293823242,"orthographic":false}